highway,place
National Highway 55 (Nepal),Satbariya-Ameliya
National Highway 55 (Nepal),Musikot Khalanga
National Highway 55 (Nepal),Dang
National Highway 55 (Nepal),Salyan
National Highway 55 (Nepal),West Rukum
National Highway 55 (Nepal),Satbariya
National Highway 55 (Nepal),Tulsipur
National Highway 55 (Nepal),Dang Airport
National Highway 55 (Nepal),Ghorahi
National Highway 55 (Nepal),Sharada
National Highway 55 (Nepal),Bagchaur
National Highway 55 (Nepal),Kathmandu
National Highway 55 (Nepal),Bharatpur
National Highway 55 (Nepal),Damak
National Highway 55 (Nepal),Koshi
National Highway 55 (Nepal),Madhesh
National Highway 55 (Nepal),Bagmati
National Highway 55 (Nepal),Lumbini
National Highway 55 (Nepal),Gandaki
National Highway 55 (Nepal),Karnali
National Highway 55 (Nepal),Sudurpashchim
National Highway 55 (Nepal),Sitapaila
National Highway 55 (Nepal),Dharke
National Highway 12 (Nepal),Barkhadada
National Highway 12 (Nepal),Regmitar
National Highway 12 (Nepal),Ghurmi
National Highway 12 (Nepal),Udayapur
National Highway 12 (Nepal),Bhojpur
National Highway 12 (Nepal),Khotang
National Highway 12 (Nepal),Thanagaun
National Highway 12 (Nepal),Tapli Rural Municipality
National Highway 12 (Nepal),Rajapani
National Highway 12 (Nepal),Damarkhu
National Highway 12 (Nepal),Aamchowk Rural Municipality
National Highway 12 (Nepal),Ranitar
National Highway 12 (Nepal),Chaudandigadhi Municipality
National Highway 12 (Nepal),Belaka Municipality
National Highway 12 (Nepal),Chatara
National Highway 12 (Nepal),Katari Municipality
National Highway 12 (Nepal),Halesi Tuwachung
National Highway 12 (Nepal),Diprung Rural Municipality
National Highway 12 (Nepal),Khotehang Rural Municipality
National Highway 12 (Nepal),Jantedhunga Rural Municipality
National Highway 12 (Nepal),Ranitar Bazar
National Highway 12 (Nepal),Kathmandu
National Highway 12 (Nepal),Bharatpur
National Highway 12 (Nepal),Damak
National Highway 64 (Nepal),Chainpur
National Highway 64 (Nepal),Khopde
National Highway 64 (Nepal),Baitadi
National Highway 64 (Nepal),Bajhang
National Highway 64 (Nepal),Sudurpashchim
National Highway 64 (Nepal),Khodpe
National Highway 64 (Nepal),Kathmandu
National Highway 64 (Nepal),Sitapaila
National Highway 64 (Nepal),Dharke
National Highway 64 (Nepal),Bharatpur
National Highway 64 (Nepal),Damak
National Highway 64 (Nepal),Koshi
National Highway 64 (Nepal),Madhesh
National Highway 64 (Nepal),Bagmati
National Highway 64 (Nepal),Lumbini
National Highway 64 (Nepal),Gandaki
National Highway 64 (Nepal),Karnali
National Highway 42 (Nepal),Rasuwagadhi
National Highway 42 (Nepal),Bhandara
National Highway 42 (Nepal),Malekhu
National Highway 42 (Nepal),Galchhi
National Highway 42 (Nepal),Beltar
National Highway 42 (Nepal),Gangate
National Highway 42 (Nepal),Bidur
National Highway 42 (Nepal),Thori
National Highway 42 (Nepal),Syaphrubeshi
National Highway 42 (Nepal),Kerung
National Highway 42 (Nepal),Mailung
National Highway 42 (Nepal),Parsa District
National Highway 52 (Nepal),Arghakhanchi
National Highway 52 (Nepal),Badhare R
National Highway 52 (Nepal),Baglung
National Highway 52 (Nepal),Bharatpur
National Highway 52 (Nepal),Bheri
National Highway 52 (Nepal),Damak
National Highway 52 (Nepal),Darling
National Highway 52 (Nepal),Dharke
National Highway 52 (Nepal),Dhorpatan
National Highway 52 (Nepal),Gulmi
National Highway 52 (Nepal),Kakarahwa
National Highway 52 (Nepal),Kalidaha
National Highway 52 (Nepal),Kaligandaki
National Highway 52 (Nepal),Kanti
National Highway 52 (Nepal),Karnali
National Highway 52 (Nepal),Kathmandu
National Highway 52 (Nepal),Koshi
National Highway 52 (Nepal),Lumbini
National Highway 52 (Nepal),Lumbini square
National Highway 52 (Nepal),Mahakali
National Highway 52 (Nepal),Mechi
National Highway 52 (Nepal),Palpa
National Highway 52 (Nepal),Panchkoshi
National Highway 52 (Nepal),Rampur
National Highway 52 (Nepal),Rapti
National Highway 52 (Nepal),Rara
National Highway 52 (Nepal),Rudrapur
National Highway 52 (Nepal),Rupandehi
National Highway 52 (Nepal),Sagarmatha
National Highway 52 (Nepal),Saljhandi
National Highway 52 (Nepal),Sandhikharka
National Highway 52 (Nepal),Satyavati
National Highway 52 (Nepal),Sautamre
National Highway 52 (Nepal),Seti
National Highway 52 (Nepal),Siddhicharan
National Highway 52 (Nepal),Sitapaila
National Highway 52 (Nepal),Sunkoshi
National Highway 52 (Nepal),Tamakoshi
National Highway 52 (Nepal),Tamor
National Highway 52 (Nepal),Trishuli
National Highway 27 (Nepal),Bagmati
National Highway 27 (Nepal),Bharatpur
National Highway 27 (Nepal),Bheri
National Highway 27 (Nepal),Damak
National Highway 27 (Nepal),Dharke
National Highway 27 (Nepal),Gandaki
National Highway 27 (Nepal),Kaligandaki
National Highway 27 (Nepal),Karnali Province
National Highway 27 (Nepal),Kathmandu
National Highway 27 (Nepal),Khalanga
National Highway 27 (Nepal),Koshi
National Highway 27 (Nepal),Lumbini
National Highway 27 (Nepal),Madhesh
National Highway 27 (Nepal),Mahakali
National Highway 27 (Nepal),Mechi
National Highway 27 (Nepal),Panchkoshi
National Highway 27 (Nepal),Raikar
National Highway 27 (Nepal),Rara
National Highway 27 (Nepal),Sagarmatha
National Highway 27 (Nepal),Salyan
National Highway 27 (Nepal),Seti
National Highway 27 (Nepal),Shitalpati
National Highway 27 (Nepal),Siddhicharan
National Highway 27 (Nepal),Sitapaila
National Highway 27 (Nepal),Sudurpashchim
National Highway 27 (Nepal),Sunkoshi
National Highway 27 (Nepal),Tamakoshi
National Highway 27 (Nepal),Tamor
National Highway 27 (Nepal),Terai
National Highway 27 (Nepal),Trishuli
National Highway 77 (Nepal),Bagmati
National Highway 77 (Nepal),Baseni
National Highway 77 (Nepal),Bheri
National Highway 77 (Nepal),Bharatpur
National Highway 77 (Nepal),Chaubiskothi
National Highway 77 (Nepal),Bharatpur
National Highway 77 (Nepal),Damak
National Highway 77 (Nepal),Dhanauji Chok
National Highway 77 (Nepal),Dharke
National Highway 77 (Nepal),Gandaki
National Highway 77 (Nepal),Gondrang Chok
National Highway 77 (Nepal),Jagatpur
National Highway 77 (Nepal),Karnali
National Highway 77 (Nepal),Koshi
National Highway 77 (Nepal),Lumbini
National Highway 77 (Nepal),Madhesh
National Highway 77 (Nepal),Narayanghat
National Highway 77 (Nepal),Rapti
National Highway 77 (Nepal),Rara
National Highway 77 (Nepal),Sagarmatha
National Highway 77 (Nepal),Seti
National Highway 77 (Nepal),Sitapaila
National Highway 77 (Nepal),Sudurpashchim
National Highway 77 (Nepal),Tri Chok
National Highway 77 (Nepal),Trishuli
National Highway 19 (Nepal),Airawati Rural Municipality
National Highway 19 (Nepal),Arghakhanchi District
National Highway 19 (Nepal),Bharatpur
National Highway 19 (Nepal),Bhumikasthan Municipality
National Highway 19 (Nepal),Chhatradev Rural Municipality
National Highway 19 (Nepal),Chhatrakot Rural Municipality
National Highway 19 (Nepal),Damak
National Highway 19 (Nepal),Dharke
National Highway 19 (Nepal),Gaudakot
National Highway 19 (Nepal),Ghartidada
National Highway 19 (Nepal),Gulmi Darbar Rural Municipality
National Highway 19 (Nepal),Gulmi District
National Highway 19 (Nepal),Lamadada
National Highway 19 (Nepal),Mandavi Rural Municipality
National Highway 19 (Nepal),Neta Gau
National Highway 19 (Nepal),Pyuthan District
National Highway 19 (Nepal),Ramdi
National Highway 19 (Nepal),Resunga Municipality
National Highway 19 (Nepal),Ridi
National Highway 19 (Nepal),Ridi Bazar
National Highway 19 (Nepal),Rimdi
National Highway 19 (Nepal),Ruru Rural Municipality
National Highway 19 (Nepal),Sandhikhark
National Highway 19 (Nepal),Sitapaila
National Highway 19 (Nepal),Tamaghas
National Highway 06 (Nepal),Ambarpur
National Highway 06 (Nepal),Barahakshetra Municipality
National Highway 06 (Nepal),Bharatpur
National Highway 06 (Nepal),Chatara
National Highway 06 (Nepal),Damak
National Highway 06 (Nepal),Dhankuta
National Highway 06 (Nepal),Ganesh Chowk
National Highway 06 (Nepal),Hilihang Rural Municipality
National Highway 06 (Nepal),Kathmandu
National Highway 06 (Nepal),Koshi Province
National Highway 06 (Nepal),Majhitar
National Highway 06 (Nepal),Mulghat
National Highway 06 (Nepal),Panchthar
National Highway 06 (Nepal),Phidim Municipality
National Highway 06 (Nepal),Sunsari
National Highway 06 (Nepal),Tehrathum
National Highway 06 (Nepal),Tribeni
National Highway 73 (Nepal),Surunga
National Highway 73 (Nepal),Jhapa Bazar
National Highway 73 (Nepal),Lasunganj
National Highway 73 (Nepal),Koshi Province
National Highway 73 (Nepal),Jhapa
National Highway 73 (Nepal),Kishanganj district
National Highway 73 (Nepal),Dighabank
National Highway 73 (Nepal),Sitapaila
National Highway 73 (Nepal),Dharke
National Highway 73 (Nepal),Kathmandu
National Highway 73 (Nepal),Bharatpur
National Highway 73 (Nepal),Damak
National Highway 73 (Nepal),Madhesh
National Highway 73 (Nepal),Bagmati
National Highway 73 (Nepal),Lumbini
National Highway 73 (Nepal),Gandaki
National Highway 73 (Nepal),Karnali
National Highway 73 (Nepal),Sudurpashchim
National Highway 17 (Nepal),Dulegauda
National Highway 17 (Nepal),Naubise
National Highway 17 (Nepal),Pokhara
National Highway 17 (Nepal),Galchhi
National Highway 17 (Nepal),Gajuri
National Highway 17 (Nepal),Malekhu
National Highway 17 (Nepal),Kurintar
National Highway 17 (Nepal),Mugling
National Highway 17 (Nepal),Anbukhaireni
National Highway 17 (Nepal),Dumre
National Highway 17 (Nepal),Damauli
National Highway 17 (Nepal),Kathmandu
National Highway 17 (Nepal),Prithivi Chowk
National Highway 17 (Nepal),Dhading
National Highway 17 (Nepal),Chitwan
National Highway 17 (Nepal),Tanahu
National Highway 17 (Nepal),Kaski
National Highway 17 (Nepal),Bharatpur
National Highway 17 (Nepal),Nuwakot District
National Highway 17 (Nepal),Phurke Khola
National Highway 17 (Nepal),Kathmandu Valley
National Highway 17 (Nepal),Gorkha
National Highway 17 (Nepal),Mahadevbesi
National Highway 17 (Nepal),Belkhu
National Highway 17 (Nepal),Jogimara
National Highway 17 (Nepal),Nagdhunga
National Highway 17 (Nepal),Thankot
National Highway 17 (Nepal),Sitapaila
National Highway 17 (Nepal),Dharke
National Highway 17 (Nepal),Ghansikuwa
National Highway 43 (Nepal),Dhading
National Highway 43 (Nepal),Sankhu
National Highway 43 (Nepal),Dhubakot
National Highway 43 (Nepal),Khalte
National Highway 43 (Nepal),Malekhu
National Highway 43 (Nepal),Dhadingbesi
National Highway 43 (Nepal),Salyantar
National Highway 43 (Nepal),Kathmandu
National Highway 43 (Nepal),Bharatpur
National Highway 43 (Nepal),Damak
National Highway 43 (Nepal),Sitapaila
National Highway 43 (Nepal),Dharke
National Highway 14 (Nepal),Basaha
National Highway 14 (Nepal),Belaka
National Highway 14 (Nepal),Beriyar
National Highway 14 (Nepal),Bishnupur
National Highway 14 (Nepal),Chaudandigadhi
National Highway 14 (Nepal),Chinnamasta
National Highway 14 (Nepal),Hanuman Mandir
National Highway 14 (Nepal),Hanumannagar Kankalini
National Highway 14 (Nepal),Kanchanrup
National Highway 14 (Nepal),Lijatole Campus Road
National Highway 14 (Nepal),Phattepur
National Highway 14 (Nepal),Rajbiraj
National Highway 14 (Nepal),Rampur Malhaniya
National Highway 14 (Nepal),Sagarmatha Zonal Hospital
National Highway 14 (Nepal),Saptakoshi
National Highway 14 (Nepal),Saptari
National Highway 14 (Nepal),Tilathi Koiladi
National Highway 14 (Nepal),Udayapur
National Highway 09 (Nepal),Bagmati
National Highway 09 (Nepal),Bahundangi
National Highway 09 (Nepal),Bheri
National Highway 09 (Nepal),Bharatpur
National Highway 09 (Nepal),Dadeldhura
National Highway 09 (Nepal),Damak
National Highway 09 (Nepal),Dharke
National Highway 09 (Nepal),Dharan
National Highway 09 (Nepal),Gaighat
National Highway 09 (Nepal),Gaindakot
National Highway 09 (Nepal),Gandaki
National Highway 09 (Nepal),Ghorahi
National Highway 09 (Nepal),Hetauda
National Highway 09 (Nepal),Jhapa
National Highway 09 (Nepal),Jogbudha
National Highway 09 (Nepal),Kaligandaki
National Highway 09 (Nepal),Karnali
National Highway 09 (Nepal),Kathmandu
National Highway 09 (Nepal),Koshi
National Highway 09 (Nepal),Lumbini
National Highway 09 (Nepal),Madhesh
National Highway 09 (Nepal),Mahakali
National Highway 09 (Nepal),Mechi
National Highway 09 (Nepal),Panchkoshi
National Highway 09 (Nepal),Pyuthan
National Highway 09 (Nepal),Rapti
National Highway 09 (Nepal),Rara
National Highway 09 (Nepal),Rupal
National Highway 09 (Nepal),Sagarmatha
National Highway 09 (Nepal),Seti
National Highway 09 (Nepal),Shantinagar
National Highway 09 (Nepal),Shimaltari
National Highway 09 (Nepal),Sindhulimadi
National Highway 09 (Nepal),Sitapaila
National Highway 09 (Nepal),Sudurpashchim
National Highway 09 (Nepal),Sunkoshi
National Highway 09 (Nepal),Surkhet
National Highway 09 (Nepal),Tamakoshi
National Highway 09 (Nepal),Tamor
National Highway 09 (Nepal),Triyuga
National Highway 09 (Nepal),Trishuli
National Highway 09 (Nepal),VP Nagar
National Highway 69 (Nepal),Chapakot
National Highway 69 (Nepal),Gajarkot
National Highway 69 (Nepal),Gandaki Province
National Highway 69 (Nepal),Jagatbhanjyang
National Highway 69 (Nepal),Kewre
National Highway 69 (Nepal),Mirdi
National Highway 69 (Nepal),Syangja District
National Highway 69 (Nepal),Waling
National Highway 28 (Nepal),Madhesh Province
National Highway 28 (Nepal),Bagmati Province
National Highway 28 (Nepal),Mahottari District
National Highway 28 (Nepal),Sindhuli District
National Highway 28 (Nepal),Ramechhap District
National Highway 28 (Nepal),Dolakha District
National Highway 28 (Nepal),Tamakoshi Bazar
National Highway 28 (Nepal),Bhimeshwor Municipality
National Highway 28 (Nepal),Jaleshwar
National Highway 28 (Nepal),Bardibas
National Highway 28 (Nepal),Bhittamod
National Highway 28 (Nepal),Bakharibhath
National Highway 28 (Nepal),Khurkot
National Highway 28 (Nepal),Benighat
National Highway 28 (Nepal),Manthali
National Highway 28 (Nepal),Khimti
National Highway 28 (Nepal),Charikot
National Highway 28 (Nepal),Lamidanda
National Highway 28 (Nepal),Dolakha Town
National Highway 28 (Nepal),Lapchegaun
National Highway 45 (Nepal),Bagmati
National Highway 45 (Nepal),Bharatpur
National Highway 45 (Nepal),Bhimad
National Highway 45 (Nepal),Damak
National Highway 45 (Nepal),Dharke
National Highway 45 (Nepal),Gandaki Province
National Highway 45 (Nepal),Karnali
National Highway 45 (Nepal),Kathmandu
National Highway 45 (Nepal),Kawasoti
National Highway 45 (Nepal),Khairenitar
National Highway 45 (Nepal),Koshi
National Highway 45 (Nepal),Lumbini
National Highway 45 (Nepal),Madhesh
National Highway 45 (Nepal),Nawalparasi East
National Highway 45 (Nepal),Sitapaila
National Highway 45 (Nepal),Sudurpashchim
National Highway 45 (Nepal),Tanahun
National Highway 16 (Nepal),Bagmati
National Highway 16 (Nepal),Bharatpur
National Highway 16 (Nepal),Bokse
National Highway 16 (Nepal),Damak
National Highway 16 (Nepal),Dharke
National Highway 16 (Nepal),Diktel
National Highway 16 (Nepal),Gaighat
National Highway 16 (Nepal),Gandaki
National Highway 16 (Nepal),Jaljale
National Highway 16 (Nepal),Kadmaha
National Highway 16 (Nepal),Karnali
National Highway 16 (Nepal),Kathmandu
National Highway 16 (Nepal),Khanbu
National Highway 16 (Nepal),Khotang
National Highway 16 (Nepal),Koshi
National Highway 16 (Nepal),Lahan
National Highway 16 (Nepal),Lumbini
National Highway 16 (Nepal),Madhesh
National Highway 16 (Nepal),Mainchowk
National Highway 16 (Nepal),Mohure
National Highway 16 (Nepal),Phoksingtar
National Highway 16 (Nepal),Pokhari
National Highway 16 (Nepal),Ranibas
National Highway 16 (Nepal),Regmitar
National Highway 16 (Nepal),Saune
National Highway 16 (Nepal),Siraha
National Highway 16 (Nepal),Siswari
National Highway 16 (Nepal),Sitapaila
National Highway 16 (Nepal),Solu
National Highway 16 (Nepal),Solukhumbu
National Highway 16 (Nepal),Sudurpashchim
National Highway 16 (Nepal),Thadi
National Highway 16 (Nepal),Triyuga
National Highway 16 (Nepal),Udayapur
National Highway 60 (Nepal),Surkhet
National Highway 60 (Nepal),Dailekh
National Highway 60 (Nepal),Nakchelagna
National Highway 60 (Nepal),Duikhamba
National Highway 60 (Nepal),Pallo Kalimati
National Highway 60 (Nepal),Kalikot
National Highway 60 (Nepal),Jumla
National Highway 60 (Nepal),Mugu
National Highway 60 (Nepal),Karnali
National Highway 60 (Nepal),Nankche-Nagla
National Highway 60 (Nepal),Odhari
National Highway 60 (Nepal),Nagma
National Highway 60 (Nepal),Gamgadhi
National Highway 60 (Nepal),Mechi
National Highway 60 (Nepal),Koshi
National Highway 60 (Nepal),Mahakali
National Highway 60 (Nepal),Tamor
National Highway 60 (Nepal),Sunkoshi
National Highway 60 (Nepal),Tamakoshi
National Highway 60 (Nepal),Trishuli
National Highway 60 (Nepal),Kaligandaki
National Highway 60 (Nepal),Bheri
National Highway 60 (Nepal),Seti
National Highway 60 (Nepal),Sagarmatha
National Highway 60 (Nepal),Sitapaila
National Highway 60 (Nepal),Dharke
National Highway 60 (Nepal),Rapti
National Highway 60 (Nepal),Rara
National Highway 60 (Nepal),Kathmandu
National Highway 60 (Nepal),Bharatpur
National Highway 60 (Nepal),Damak
National Highway 60 (Nepal),Madhesh
National Highway 60 (Nepal),Bagmati
National Highway 60 (Nepal),Lumbini
National Highway 60 (Nepal),Gandaki
National Highway 60 (Nepal),Sudurpashchim
National Highway 70 (Nepal),Seti Dovan
National Highway 70 (Nepal),Panchmul
National Highway 70 (Nepal),Deurali
National Highway 70 (Nepal),Putalibazar
National Highway 70 (Nepal),Karkineta
National Highway 70 (Nepal),Kushma
National Highway 70 (Nepal),Syangja District
National Highway 70 (Nepal),Parbat District
National Highway 70 (Nepal),Bejang
National Highway 70 (Nepal),Panchamool
National Highway 70 (Nepal),Aruchaur
National Highway 70 (Nepal),Ghante Deurali
National Highway 70 (Nepal),Syangja
National Highway 70 (Nepal),Putlikhet
National Highway 70 (Nepal),Naudanda
National Highway 70 (Nepal),Kathmandu
National Highway 70 (Nepal),Sitapaila
National Highway 70 (Nepal),Dharke
National Highway 70 (Nepal),Bharatpur
National Highway 70 (Nepal),Damak
National Highway 32 (Nepal),Nawalpur
National Highway 32 (Nepal),Malangwa
National Highway 32 (Nepal),Sonbarsha
National Highway 32 (Nepal),Sarlahi District
National Highway 32 (Nepal),Kathmandu
National Highway 32 (Nepal),Mechi
National Highway 32 (Nepal),Koshi
National Highway 32 (Nepal),Karnali
National Highway 32 (Nepal),Panchkoshi
National Highway 32 (Nepal),Mahakali
National Highway 32 (Nepal),Tamor
National Highway 32 (Nepal),Sunkoshi
National Highway 32 (Nepal),Tamakoshi
National Highway 32 (Nepal),Trishuli
National Highway 32 (Nepal),Kaligandaki
National Highway 32 (Nepal),Bheri
National Highway 32 (Nepal),Seti
National Highway 32 (Nepal),Sitapaila
National Highway 32 (Nepal),Dharke
National Highway 32 (Nepal),Kanti
National Highway 32 (Nepal),Rara
National Highway 32 (Nepal),Rapti
National Highway 32 (Nepal),Bharatpur
National Highway 32 (Nepal),Damak
National Highway 41 (Nepal),Tripureshwor
National Highway 41 (Nepal),Kathmandu
National Highway 41 (Nepal),Birgunj
National Highway 41 (Nepal),Raxaul
National Highway 41 (Nepal),Lucknow
National Highway 41 (Nepal),Barauni
National Highway 41 (Nepal),Naubise
National Highway 41 (Nepal),Amlekhganj
National Highway 41 (Nepal),Kulekhani
National Highway 41 (Nepal),Chitlang
National Highway 41 (Nepal),Chandragiri Pass
National Highway 41 (Nepal),Thankot
National Highway 41 (Nepal),Hetauda
National Highway 41 (Nepal),Daman
National Highway 41 (Nepal),Pathlaiya
National Highway 41 (Nepal),Makawanpur
National Highway 41 (Nepal),Nijgadh
National Highway 41 (Nepal),Thingana
National Highway 41 (Nepal),Koshi
National Highway 41 (Nepal),Madhesh
National Highway 41 (Nepal),Bagmati
National Highway 41 (Nepal),Lumbini
National Highway 41 (Nepal),Gandaki
National Highway 41 (Nepal),Karnali
National Highway 41 (Nepal),Sudurpashchim
National Highway 41 (Nepal),Bharatpur
National Highway 41 (Nepal),Damak
National Highway 37 (Nepal),Bagmati Province
National Highway 37 (Nepal),Bharatpur
National Highway 37 (Nepal),Birgunj
National Highway 37 (Nepal),Damak
National Highway 37 (Nepal),Gandaki
National Highway 37 (Nepal),Hetauda
National Highway 37 (Nepal),Hetauda Sub-Metropolitan City
National Highway 37 (Nepal),Karnali
National Highway 37 (Nepal),Kathmandu
National Highway 37 (Nepal),Koshi
National Highway 37 (Nepal),Lalitpur
National Highway 37 (Nepal),Lalitpur Metropolitan City
National Highway 37 (Nepal),Lumbini
National Highway 37 (Nepal),Madhesh
National Highway 37 (Nepal),Makwanpur
National Highway 37 (Nepal),Sudurpashchim
National Highway 24 (Nepal),Bharatpur
National Highway 24 (Nepal),Bhiman
National Highway 24 (Nepal),Damak
National Highway 24 (Nepal),Dhanusha District
National Highway 24 (Nepal),Dharke
National Highway 24 (Nepal),Kathmandu
National Highway 24 (Nepal),Lalgadh
National Highway 24 (Nepal),Ranibas
National Highway 24 (Nepal),Rara
National Highway 24 (Nepal),Sindhuli District
National Highway 24 (Nepal),Sitapaila
National Highway 24 (Nepal),Tulsi Chauda
National Highway 35 (Nepal),Bagmati
National Highway 35 (Nepal),Bara District
National Highway 35 (Nepal),Bharatpur
National Highway 35 (Nepal),Bheri
National Highway 35 (Nepal),Dharke
National Highway 35 (Nepal),Damak
National Highway 35 (Nepal),Gandaki
National Highway 35 (Nepal),Kalaiya
National Highway 35 (Nepal),Kaligandaki
National Highway 35 (Nepal),Karnali
National Highway 35 (Nepal),Kathmandu
National Highway 35 (Nepal),Koshi
National Highway 35 (Nepal),Lumbini
National Highway 35 (Nepal),Madhesh Province
National Highway 35 (Nepal),Mahakali
National Highway 35 (Nepal),Manmat
National Highway 35 (Nepal),Matiarwa
National Highway 35 (Nepal),Mechi
National Highway 35 (Nepal),Rara
National Highway 35 (Nepal),Sagarmatha
National Highway 35 (Nepal),Seti
National Highway 35 (Nepal),Sitapaila
National Highway 35 (Nepal),Sudurpashchim
National Highway 35 (Nepal),Sunkoshi
National Highway 35 (Nepal),Tamakoshi
National Highway 35 (Nepal),Tamor
National Highway 35 (Nepal),Trishuli
National Highway 79 (Nepal),Bagmati Province
National Highway 79 (Nepal),Chisapani
National Highway 79 (Nepal),Dhanusha District
National Highway 79 (Nepal),Dudhauli
National Highway 79 (Nepal),Fikkal
National Highway 79 (Nepal),Godar
National Highway 79 (Nepal),Kalapani
National Highway 79 (Nepal),Madhesh Province
National Highway 79 (Nepal),Mainabati
National Highway 79 (Nepal),Nawalpur
National Highway 79 (Nepal),Ratmate
National Highway 79 (Nepal),Sindhuli District
National Highway 57 (Nepal),Bagmati
National Highway 57 (Nepal),Bharatpur
National Highway 57 (Nepal),Botechaur
National Highway 57 (Nepal),Damak
National Highway 57 (Nepal),Dolpa District
National Highway 57 (Nepal),Dolpo Buddha
National Highway 57 (Nepal),Gandaki
National Highway 57 (Nepal),Gurbhakot Municipality
National Highway 57 (Nepal),Jajarkot District
National Highway 57 (Nepal),Kaligandaki
National Highway 57 (Nepal),Karnali Province
National Highway 57 (Nepal),Kathmandu
National Highway 57 (Nepal),Koshi
National Highway 57 (Nepal),Lumbini
National Highway 57 (Nepal),Madhesh
National Highway 57 (Nepal),Mahakali
National Highway 57 (Nepal),Marim
National Highway 57 (Nepal),Mechi
National Highway 57 (Nepal),Rapti
National Highway 57 (Nepal),Sagarmatha
National Highway 57 (Nepal),Salyan District
National Highway 57 (Nepal),Seti
National Highway 57 (Nepal),Sitapaila-Dharke
National Highway 57 (Nepal),Sudurpashchim
National Highway 57 (Nepal),Sunkoshi
National Highway 57 (Nepal),Surkhet District
National Highway 57 (Nepal),Tamakoshi
National Highway 57 (Nepal),Tamor
National Highway 57 (Nepal),Trishuli
National Highway 07 (Nepal),Chatara
National Highway 07 (Nepal),Charaghatti
National Highway 07 (Nepal),Kalabanjar
National Highway 07 (Nepal),Kanchanpur
National Highway 07 (Nepal),Kanchanrup
National Highway 07 (Nepal),Kanchi Chowk
National Highway 07 (Nepal),Koshi
National Highway 07 (Nepal),Koshi Tappu
National Highway 07 (Nepal),Madhesh
National Highway 07 (Nepal),Mechi
National Highway 07 (Nepal),Pakli
National Highway 07 (Nepal),Saptakoshi
National Highway 07 (Nepal),Saptari
National Highway 07 (Nepal),Sunsari
National Highway 30 (Nepal),Bharatpur
National Highway 30 (Nepal),Damak
National Highway 30 (Nepal),Dhanusha District
National Highway 30 (Nepal),Dhanushadham
National Highway 30 (Nepal),Dharke
National Highway 30 (Nepal),Dharapani
National Highway 30 (Nepal),Janaki Mandir
National Highway 30 (Nepal),Janakpur
National Highway 30 (Nepal),Kathmandu
National Highway 30 (Nepal),Mauwahi
National Highway 30 (Nepal),Mithileshwar
National Highway 30 (Nepal),Sitapaila
National Highway 30 (Nepal),Trishuli
National Highway 02 (Nepal),Baniyani
National Highway 02 (Nepal),Bhadrapur
National Highway 02 (Nepal),Bharatpur
National Highway 02 (Nepal),Budhabare
National Highway 02 (Nepal),Charali
National Highway 02 (Nepal),Chhipitar
National Highway 02 (Nepal),Chureghanti
National Highway 02 (Nepal),Damak
National Highway 02 (Nepal),Duhagadhi
National Highway 02 (Nepal),Ganesh Chok
National Highway 02 (Nepal),Hilihang
National Highway 02 (Nepal),Ilam
National Highway 02 (Nepal),Janta Chok
National Highway 02 (Nepal),Jhapa
National Highway 02 (Nepal),Jhapa Chok
National Highway 02 (Nepal),Kanyam
National Highway 02 (Nepal),Kathmandu
National Highway 02 (Nepal),Kechana
National Highway 02 (Nepal),Koshi Province
National Highway 02 (Nepal),Panchthar
National Highway 02 (Nepal),Phidim
National Highway 02 (Nepal),Phikkal
National Highway 02 (Nepal),Prithivinagar
National Highway 02 (Nepal),Taplejung
National Highway 80 (Nepal),Bastipur
National Highway 80 (Nepal),Belsot
National Highway 80 (Nepal),Koshi Province
National Highway 80 (Nepal),Madhesh Province
National Highway 80 (Nepal),Siraha
National Highway 80 (Nepal),Udayapur
National Highway 80 (Nepal),Katari Municipality
National Highway 80 (Nepal),Kathmandu
National Highway 80 (Nepal),Bharatpur
National Highway 80 (Nepal),Damak
National Highway 80 (Nepal),Bagmati
National Highway 80 (Nepal),Lumbini
National Highway 80 (Nepal),Gandaki
National Highway 80 (Nepal),Karnali
National Highway 80 (Nepal),Sudurpashchim
National Highway 68 (Nepal),Arughat
National Highway 68 (Nepal),Arunkhola
National Highway 68 (Nepal),Bharatpur
National Highway 68 (Nepal),Bhimad
National Highway 68 (Nepal),Damak
National Highway 68 (Nepal),Dedhgaon
National Highway 68 (Nepal),Gandaki Province
National Highway 68 (Nepal),Kathmandu
National Highway 68 (Nepal),Lumbini Province
National Highway 68 (Nepal),Mityal
National Highway 68 (Nepal),Nawalparasi East District
National Highway 68 (Nepal),Palpa District
National Highway 68 (Nepal),Pokhara
National Highway 68 (Nepal),Ruila Bhanjyang
National Highway 68 (Nepal),Shaligram
National Highway 68 (Nepal),Sirdibas
National Highway 68 (Nepal),Syangja District
National Highway 68 (Nepal),Tanahun District
National Highway 65 (Nepal),Khutiya
National Highway 65 (Nepal),Dipayal
National Highway 65 (Nepal),Chainpur
National Highway 65 (Nepal),Uraibhanjyang
National Highway 65 (Nepal),Kailali District
National Highway 65 (Nepal),Doti District
National Highway 65 (Nepal),Bajhang District
National Highway 65 (Nepal),Dhangadi
National Highway 65 (Nepal),Khakraula
National Highway 65 (Nepal),Kathmandu
National Highway 65 (Nepal),Sitapaila
National Highway 65 (Nepal),Dharke
National Highway 65 (Nepal),Bharatpur
National Highway 65 (Nepal),Damak
National Highway 65 (Nepal),Mechi
National Highway 65 (Nepal),Koshi
National Highway 65 (Nepal),Karnali
National Highway 65 (Nepal),Mahakali
National Highway 65 (Nepal),Tamor
National Highway 65 (Nepal),Sunkoshi
National Highway 65 (Nepal),Tamakoshi
National Highway 65 (Nepal),Trishuli
National Highway 65 (Nepal),Kaligandaki
National Highway 65 (Nepal),Bheri
National Highway 65 (Nepal),Seti
National Highway 65 (Nepal),Sagarmatha
National Highway 65 (Nepal),Rapti
National Highway 65 (Nepal),Kanti
National Highway 15 (Nepal),Gwarko
National Highway 15 (Nepal),Lamatar
National Highway 15 (Nepal),Dahaltar
National Highway 15 (Nepal),Lubhu
National Highway 15 (Nepal),Panauti
National Highway 15 (Nepal),Patalekhet
National Highway 15 (Nepal),Bhaktapur
National Highway 15 (Nepal),Lalitpur
National Highway 15 (Nepal),Kavrepalanchowk
National Highway 15 (Nepal),Kathmandu
National Highway 15 (Nepal),Dhulikhel
National Highway 15 (Nepal),Lakuri Bhanjyang
National Highway 15 (Nepal),Mane Dobhan
National Highway 15 (Nepal),Mahalaxmi
National Highway 15 (Nepal),Aaruchaur
National Highway 15 (Nepal),Bagmare
National Highway 15 (Nepal),Sunthan
National Highway 15 (Nepal),Shankhupati Chaur
National Highway 15 (Nepal),Namobuddha
National Highway 15 (Nepal),Dapcha Chhatrebangh
National Highway 15 (Nepal),Nepalthok
National Highway 56 (Nepal),Bagmati
National Highway 56 (Nepal),Bharatpur
National Highway 56 (Nepal),Bulbule
National Highway 56 (Nepal),Chaurajahari
National Highway 56 (Nepal),Damak
National Highway 56 (Nepal),Dharke
National Highway 56 (Nepal),Gandaki
National Highway 56 (Nepal),Jajarkot
National Highway 56 (Nepal),Jajarkot District
National Highway 56 (Nepal),Jumla
National Highway 56 (Nepal),Jumla District
National Highway 56 (Nepal),Juina
National Highway 56 (Nepal),Karnali Province
National Highway 56 (Nepal),Kathmandu
National Highway 56 (Nepal),Koshi
National Highway 56 (Nepal),Kudari
National Highway 56 (Nepal),Lumbini
National Highway 56 (Nepal),Madhesh
National Highway 56 (Nepal),Mugu District
National Highway 56 (Nepal),Salyan District
National Highway 56 (Nepal),Sitapaila
National Highway 56 (Nepal),Sudurpashchim
National Highway 56 (Nepal),Tharmare
National Highway 56 (Nepal),West Rukum
National Highway 76 (Nepal),Rabi
National Highway 76 (Nepal),Damak
National Highway 76 (Nepal),Koshi Province
National Highway 76 (Nepal),Jhapa
National Highway 76 (Nepal),Ilam
National Highway 76 (Nepal),Baghmara
National Highway 76 (Nepal),Chisapani
National Highway 76 (Nepal),Kathmandu
National Highway 76 (Nepal),Bharatpur
National Highway 29 (Nepal),Portaha Bazar
National Highway 29 (Nepal),Janaki medical college
National Highway 29 (Nepal),Chhireswornath
National Highway 29 (Nepal),Madhesh Province
National Highway 29 (Nepal),Dhanusha District
National Highway 29 (Nepal),Mechi
National Highway 29 (Nepal),Koshi
National Highway 29 (Nepal),Tamor
National Highway 29 (Nepal),Sunkoshi
National Highway 29 (Nepal),Tamakoshi
National Highway 29 (Nepal),Trishuli
National Highway 29 (Nepal),Kaligandaki
National Highway 29 (Nepal),Bheri
National Highway 29 (Nepal),Seti
National Highway 29 (Nepal),Mahakali
National Highway 29 (Nepal),Sagarmatha
National Highway 29 (Nepal),Siddhicharan
National Highway 29 (Nepal),Sitapaila-Dharke
National Highway 29 (Nepal),Rara
National Highway 29 (Nepal),Kathmandu
National Highway 29 (Nepal),Terai
National Highway 29 (Nepal),Bharatpur
National Highway 29 (Nepal),Damak
National Highway 29 (Nepal),Bagmati
National Highway 29 (Nepal),Lumbini
National Highway 29 (Nepal),Gandaki
National Highway 29 (Nepal),Karnali
National Highway 29 (Nepal),Sudurpashchim
National Highway 46 (Nepal),Bharatpur
National Highway 46 (Nepal),Bhumahi
National Highway 46 (Nepal),Damak
National Highway 46 (Nepal),Dharke
National Highway 46 (Nepal),Kathmandu
National Highway 46 (Nepal),Lumbini Province
National Highway 46 (Nepal),Nawalparasi West
National Highway 46 (Nepal),Parasi
National Highway 46 (Nepal),Sagarmatha
National Highway 46 (Nepal),Sitapaila
National Highway 49 (Nepal),Gulmi District
National Highway 49 (Nepal),Ridi
National Highway 49 (Nepal),Rudrabeni
National Highway 49 (Nepal),Satyawati Rural Municipality
National Highway 49 (Nepal),Shantipur
National Highway 49 (Nepal),Wamitaksar
National Highway 18 (Nepal),Bagmati Province
National Highway 18 (Nepal),Balaju
National Highway 18 (Nepal),Belkotgadhi Municipality
National Highway 18 (Nepal),Betrawati
National Highway 18 (Nepal),Bidur
National Highway 18 (Nepal),Bidur Municipality
National Highway 18 (Nepal),Dhunche
National Highway 18 (Nepal),Gosaikunda Rural Municipality
National Highway 18 (Nepal),Kakani Rural Municipality
National Highway 18 (Nepal),Kalika Rural Municipality
National Highway 18 (Nepal),Kathmandu
National Highway 18 (Nepal),Kathmandu District
National Highway 18 (Nepal),Khasra
National Highway 18 (Nepal),Machhapokhari
National Highway 18 (Nepal),Nagarjun
National Highway 18 (Nepal),Nuwakot District
National Highway 18 (Nepal),Pipaltar
National Highway 18 (Nepal),Rasuwa District
National Highway 18 (Nepal),Syaphrubesi
National Highway 18 (Nepal),Thulo Khola
National Highway 18 (Nepal),Uttargaya Rural Municipality
National Highway 33 (Nepal),Bagmati
National Highway 33 (Nepal),Bharatpur
National Highway 33 (Nepal),Bheri
National Highway 33 (Nepal),Dharke
National Highway 33 (Nepal),Damak
National Highway 33 (Nepal),Gandaki
National Highway 33 (Nepal),Kaligandaki
National Highway 33 (Nepal),Karnali
National Highway 33 (Nepal),Kathmandu
National Highway 33 (Nepal),Koshi
National Highway 33 (Nepal),Lumbini
National Highway 33 (Nepal),Madhesh
National Highway 33 (Nepal),Mahakali
National Highway 33 (Nepal),Mechi
National Highway 33 (Nepal),Nijgadh
National Highway 33 (Nepal),Panchkoshi
National Highway 33 (Nepal),Rapti
National Highway 33 (Nepal),Rara
National Highway 33 (Nepal),Sagarmatha
National Highway 33 (Nepal),Seti
National Highway 33 (Nepal),Sitapaila
National Highway 33 (Nepal),Sudurpashchim
National Highway 33 (Nepal),Sunkoshi
National Highway 33 (Nepal),Tamakoshi
National Highway 33 (Nepal),Tamor
National Highway 33 (Nepal),Trishuli
National Highway 11 (Nepal),Fikkal Bazar
National Highway 11 (Nepal),Chabbise
National Highway 11 (Nepal),Thulo Shribun
National Highway 11 (Nepal),Koshi Province
National Highway 11 (Nepal),Ilam District
National Highway 11 (Nepal),Chhiruwa
National Highway 11 (Nepal),Mechi Bazar
National Highway 11 (Nepal),West Bengal
National Highway 11 (Nepal),Rapti
National Highway 11 (Nepal),Mechi
National Highway 11 (Nepal),Karnali
National Highway 11 (Nepal),Mahakali
National Highway 11 (Nepal),Tamor
National Highway 11 (Nepal),Sunkoshi
National Highway 11 (Nepal),Tamakoshi
National Highway 11 (Nepal),Trishuli
National Highway 11 (Nepal),Kaligandaki
National Highway 11 (Nepal),Bheri
National Highway 11 (Nepal),Seti
National Highway 11 (Nepal),Sagarmatha
National Highway 11 (Nepal),Sitapaila
National Highway 11 (Nepal),Dharke
National Highway 11 (Nepal),Rara
National Highway 11 (Nepal),Kathmandu
National Highway 11 (Nepal),Terai
National Highway 11 (Nepal),Bharatpur
National Highway 11 (Nepal),Damak
National Highway 11 (Nepal),Madhesh
National Highway 11 (Nepal),Bagmati
National Highway 11 (Nepal),Lumbini
National Highway 11 (Nepal),Gandaki
National Highway 11 (Nepal),Sudurpashchim
National Highway 59 (Nepal),Murtiya
National Highway 59 (Nepal),Surkhet
National Highway 59 (Nepal),Nagma
National Highway 59 (Nepal),Bardiya
National Highway 59 (Nepal),Dailekh
National Highway 59 (Nepal),Kalikot
National Highway 59 (Nepal),Gulariya
National Highway 59 (Nepal),Rammapur
National Highway 59 (Nepal),Bhurigau
National Highway 59 (Nepal),Telpani
National Highway 59 (Nepal),Bangesimal
National Highway 59 (Nepal),Lekhfarha
National Highway 59 (Nepal),Mathilo Dungeswor
National Highway 59 (Nepal),Puraini
National Highway 59 (Nepal),Taraghat
National Highway 59 (Nepal),Mahabudham
National Highway 59 (Nepal),Talsera
National Highway 59 (Nepal),Birendranagar
National Highway 59 (Nepal),Bhuri Gaun
National Highway 59 (Nepal),Mahabu
National Highway 59 (Nepal),Jumla
National Highway 59 (Nepal),Upper Dugeshwor
National Highway 59 (Nepal),Dullu
National Highway 59 (Nepal),Bhairabi
National Highway 59 (Nepal),Kathmandu
National Highway 59 (Nepal),Bharatpur
National Highway 59 (Nepal),Damak
National Highway 36 (Nepal),Bagmati
National Highway 36 (Nepal),Bairaganiya
National Highway 36 (Nepal),Bharatpur
National Highway 36 (Nepal),Chandranigahapur
National Highway 36 (Nepal),Damak
National Highway 36 (Nepal),Gandaki
National Highway 36 (Nepal),Karnali
National Highway 36 (Nepal),Kathmandu
National Highway 36 (Nepal),Koshi
National Highway 36 (Nepal),Lumbini
National Highway 36 (Nepal),Madhesh
National Highway 36 (Nepal),Nepal
National Highway 36 (Nepal),Rautahat
National Highway 36 (Nepal),Saruatha
National Highway 36 (Nepal),Sudurpashchim
National Highway 36 (Nepal),Terai
National Highway 74 (Nepal),Bharatpur
National Highway 74 (Nepal),Biblate Bazar
National Highway 74 (Nepal),Bheri
National Highway 74 (Nepal),Damak
National Highway 74 (Nepal),Deurali
National Highway 74 (Nepal),Gurunggau
National Highway 74 (Nepal),Ilam
National Highway 74 (Nepal),Ilam Municipality
National Highway 74 (Nepal),Kaligandaki
National Highway 74 (Nepal),Karnali
National Highway 74 (Nepal),Kathmandu
National Highway 74 (Nepal),Koshi Province
National Highway 74 (Nepal),Mahakali
National Highway 74 (Nepal),Mechi
National Highway 74 (Nepal),Panchkoshi
National Highway 74 (Nepal),Rapti
National Highway 74 (Nepal),Rara
National Highway 74 (Nepal),Sagarmatha
National Highway 74 (Nepal),Sandakpur
National Highway 74 (Nepal),Sandakpur Rural Municipality
National Highway 74 (Nepal),Sandakphu
National Highway 74 (Nepal),Seti
National Highway 74 (Nepal),Sunkoshi
National Highway 74 (Nepal),Tamakoshi
National Highway 74 (Nepal),Tamor
National Highway 74 (Nepal),Trishuli
National Highway 31 (Nepal),Dolalghat
National Highway 31 (Nepal),Chautara
National Highway 31 (Nepal),Sindhupalchowk
National Highway 31 (Nepal),Sitapaila
National Highway 31 (Nepal),Dharke
National Highway 31 (Nepal),Kathmandu
National Highway 31 (Nepal),Bharatpur
National Highway 31 (Nepal),Damak
National Highway 22 (Nepal),Jatahi
National Highway 22 (Nepal),Janakpur
National Highway 22 (Nepal),Dhalkebar
National Highway 22 (Nepal),Madhesh Province
National Highway 22 (Nepal),Dhanusha District
National Highway 22 (Nepal),Bindhi
National Highway 22 (Nepal),Laxminia Bazar
National Highway 22 (Nepal),Piparaun
National Highway 22 (Nepal),Kathmandu
National Highway 22 (Nepal),Sitapaila
National Highway 22 (Nepal),Dharke
National Highway 22 (Nepal),Bharatpur
National Highway 22 (Nepal),Damak
National Highway 22 (Nepal),Koshi
National Highway 22 (Nepal),Bagmati
National Highway 22 (Nepal),Lumbini
National Highway 22 (Nepal),Gandaki
National Highway 22 (Nepal),Karnali
National Highway 22 (Nepal),Sudurpashchim
National Highway 23 (Nepal),Basa
National Highway 23 (Nepal),Bharatpur
National Highway 23 (Nepal),Bhimeshwar
National Highway 23 (Nepal),Charikot
National Highway 23 (Nepal),Damak
National Highway 23 (Nepal),Dharke
National Highway 23 (Nepal),Diktel
National Highway 23 (Nepal),Dolakha
National Highway 23 (Nepal),Jiri
National Highway 23 (Nepal),Junbesi
National Highway 23 (Nepal),Kathmandu
National Highway 23 (Nepal),Khadichaur
National Highway 23 (Nepal),Khotang
National Highway 23 (Nepal),Mudhe
National Highway 23 (Nepal),Pekarnas
National Highway 23 (Nepal),Ramechap
National Highway 23 (Nepal),Sagarmatha
National Highway 23 (Nepal),Salleri
National Highway 23 (Nepal),Sindhupalchowk
National Highway 23 (Nepal),Sitapaila
National Highway 23 (Nepal),Solukhumbu
National Highway 23 (Nepal),Tamakoshi
National Highway 71 (Nepal),Bhaluwang
National Highway 71 (Nepal),Khandaha
National Highway 71 (Nepal),Kharwang
National Highway 71 (Nepal),Bhalubang
National Highway 71 (Nepal),Lumbini Province
National Highway 71 (Nepal),Arghakhanchi District
National Highway 71 (Nepal),Gulmi District
National Highway 71 (Nepal),Arkhale
National Highway 71 (Nepal),Gachchhe
National Highway 71 (Nepal),Sandhikharka
National Highway 71 (Nepal),Gorusinge
National Highway 71 (Nepal),Nuwakot
National Highway 71 (Nepal),Kathmandu
National Highway 71 (Nepal),Kapilvastu
National Highway 71 (Nepal),Mechi
National Highway 71 (Nepal),Koshi
National Highway 71 (Nepal),Karnali
National Highway 71 (Nepal),Panchkoshi
National Highway 71 (Nepal),Mahakali
National Highway 71 (Nepal),Tamor
National Highway 71 (Nepal),Sunkoshi
National Highway 71 (Nepal),Tamakoshi
National Highway 71 (Nepal),Trishuli
National Highway 71 (Nepal),Kaligandaki
National Highway 71 (Nepal),Bheri
National Highway 71 (Nepal),Seti
National Highway 71 (Nepal),Sagarmatha
National Highway 71 (Nepal),Rapti
National Highway 71 (Nepal),Sitapaila
National Highway 71 (Nepal),Dharke
National Highway 71 (Nepal),Rara
National Highway 71 (Nepal),Terai
National Highway 71 (Nepal),Bharatpur
National Highway 71 (Nepal),Damak
National Highway 71 (Nepal),Madhesh
National Highway 71 (Nepal),Bagmati
National Highway 71 (Nepal),Gandaki
National Highway 71 (Nepal),Sudurpashchim
National Highway 04 (Nepal),Birtamod
National Highway 04 (Nepal),Bhadrapur
National Highway 04 (Nepal),Sainikmod
National Highway 04 (Nepal),Jhapa District
National Highway 04 (Nepal),Chandragadhi
National Highway 04 (Nepal),Kathmandu
National Highway 04 (Nepal),Sitapaila-Dharke
National Highway 04 (Nepal),Bharatpur
National Highway 04 (Nepal),Damak
National Highway 08 (Nepal),Tarahara
National Highway 08 (Nepal),Biratnagar
National Highway 08 (Nepal),Rani
National Highway 08 (Nepal),Jogbani
National Highway 08 (Nepal),Itahari
National Highway 08 (Nepal),Dharan
National Highway 08 (Nepal),Mulghat
National Highway 08 (Nepal),Hile
National Highway 08 (Nepal),Leguwa
National Highway 08 (Nepal),Bohoratar
National Highway 08 (Nepal),Chentang
National Highway 08 (Nepal),Kimathanka
National Highway 08 (Nepal),Sankhuwasabha
National Highway 08 (Nepal),Morang
National Highway 08 (Nepal),Sunsari
National Highway 08 (Nepal),Dhankuta
National Highway 08 (Nepal),Bhedetar
National Highway 08 (Nepal),Khandbari
National Highway 08 (Nepal),Num
National Highway 08 (Nepal),Chyamptang
National Highway 08 (Nepal),Ghongghoppa
National Highway 01 (Nepal),Mechinagar
National Highway 01 (Nepal),Charali
National Highway 01 (Nepal),Birtamod
National Highway 01 (Nepal),Surunga
National Highway 01 (Nepal),Damak
National Highway 01 (Nepal),Urlabari
National Highway 01 (Nepal),Itahari
National Highway 01 (Nepal),Laukahi
National Highway 01 (Nepal),Kanchanpur
National Highway 01 (Nepal),Beriyar
National Highway 01 (Nepal),Kadmaha
National Highway 01 (Nepal),Chaul
National Highway 01 (Nepal),Mirchaiya
National Highway 01 (Nepal),Bardibas
National Highway 01 (Nepal),Nawalpur
National Highway 01 (Nepal),Chandranigahapur
National Highway 01 (Nepal),Man
National Highway 01 (Nepal),Pathlaiya
National Highway 01 (Nepal),Hetauda
National Highway 01 (Nepal),Bhandara
National Highway 01 (Nepal),Narayanghat
National Highway 01 (Nepal),Daldale
National Highway 01 (Nepal),Dumkibas
National Highway 01 (Nepal),Bhumahi
National Highway 01 (Nepal),Butwal
National Highway 01 (Nepal),Saljhandi
National Highway 01 (Nepal),Jitpur
National Highway 01 (Nepal),Satbariya
National Highway 01 (Nepal),Kohalpur
National Highway 01 (Nepal),Attariya
National Highway 01 (Nepal),Bhim Datta
National Highway 01 (Nepal),Kakarbhitta
National Highway 01 (Nepal),West Mahendra Nagar
National Highway 01 (Nepal),Bharatpur
National Highway 01 (Nepal),Bhadrapur
National Highway 01 (Nepal),Janakpur
National Highway 01 (Nepal),Birgunj
National Highway 01 (Nepal),Siddharthanagar
National Highway 01 (Nepal),Nepalganj
National Highway 01 (Nepal),Inaruwa
National Highway 01 (Nepal),Lahan
National Highway 01 (Nepal),Narayangadh
National Highway 01 (Nepal),Chisapani
National Highway 01 (Nepal),Parsa
National Highway 01 (Nepal),Arghakhanchi
National Highway 01 (Nepal),Makwanpur
National Highway 01 (Nepal),Banke
National Highway 01 (Nepal),Bardiya
National Highway 01 (Nepal),Kailali
National Highway 01 (Nepal),Bharatpur
National Highway 01 (Nepal),Dhalkebar
National Highway 01 (Nepal),Gaidakot
National Highway 01 (Nepal),Panitanki
National Highway 01 (Nepal),Bagdogra
National Highway 01 (Nepal),Siliguri
National Highway 01 (Nepal),Ilam
National Highway 01 (Nepal),Biratnagar
National Highway 01 (Nepal),Dharan
National Highway 01 (Nepal),Dhankuta
National Highway 01 (Nepal),Bhardaha
National Highway 01 (Nepal),Bhantabari
National Highway 01 (Nepal),Kusaha
National Highway 01 (Nepal),Sarlahi
National Highway 01 (Nepal),Chandrapur
National Highway 01 (Nepal),Rautahat
National Highway 01 (Nepal),Kathmandu
National Highway 01 (Nepal),Raxaul
National Highway 01 (Nepal),Buddha Chowk
National Highway 01 (Nepal),Ratnanagar
National Highway 01 (Nepal),Mungling
National Highway 01 (Nepal),Sunauli
National Highway 01 (Nepal),Maharajganj
National Highway 01 (Nepal),Pokhara
National Highway 01 (Nepal),Bhalubang
National Highway 01 (Nepal),Pyuthan
National Highway 01 (Nepal),Rolpa
National Highway 01 (Nepal),Lamahi
National Highway 01 (Nepal),Dang
National Highway 01 (Nepal),Tulsipur
National Highway 01 (Nepal),Salyan
National Highway 01 (Nepal),Rukum
National Highway 01 (Nepal),Banbasa
National Highway 01 (Nepal),Mahendranagar
National Highway 01 (Nepal),Tanakpur
National Highway 01 (Nepal),Domukha
National Highway 01 (Nepal),Jhumka
National Highway 01 (Nepal),Kanchanrup
National Highway 01 (Nepal),Chauharwa
National Highway 01 (Nepal),Bastipur Chok
National Highway 01 (Nepal),Godar
National Highway 01 (Nepal),Dharapani
National Highway 01 (Nepal),Jamunibas
National Highway 01 (Nepal),Lalgadh
National Highway 01 (Nepal),Nijgadh
National Highway 01 (Nepal),Manmat
National Highway 01 (Nepal),Gondrang Chok
National Highway 01 (Nepal),Hakim Chok
National Highway 01 (Nepal),Pulchok
National Highway 01 (Nepal),Nawalparasi East
National Highway 01 (Nepal),Nawalparasi West
National Highway 01 (Nepal),Rupandehi
National Highway 01 (Nepal),Kapilvastu
National Highway 01 (Nepal),Gorusinge
National Highway 01 (Nepal),Amiliya
National Highway 01 (Nepal),Bhurigaun
National Highway 01 (Nepal),Lamkichuha
National Highway 01 (Nepal),Syauli Bazar
National Highway 01 (Nepal),Sama Daiji
National Highway 01 (Nepal),Gadda Chauki
National Highway 01 (Nepal),Sunsari
National Highway 01 (Nepal),Saptari
National Highway 01 (Nepal),Siraha
National Highway 01 (Nepal),Dhanusha
National Highway 01 (Nepal),Mahottari
National Highway 01 (Nepal),Bara
National Highway 61 (Nepal),Bagmati
National Highway 61 (Nepal),Bheri
National Highway 61 (Nepal),Bharatpur
National Highway 61 (Nepal),Chagatra Bazar
National Highway 61 (Nepal),Dailekh
National Highway 61 (Nepal),Damak
National Highway 61 (Nepal),Dharke
National Highway 61 (Nepal),Dullu
National Highway 61 (Nepal),Gandaki
National Highway 61 (Nepal),Ghiyatidu
National Highway 61 (Nepal),Jumla
National Highway 61 (Nepal),Kalikot
National Highway 61 (Nepal),Kaligandaki
National Highway 61 (Nepal),Karnali Province
National Highway 61 (Nepal),Kathmandu
National Highway 61 (Nepal),Khidki Jyula
National Highway 61 (Nepal),Khulalu
National Highway 61 (Nepal),Koshi
National Highway 61 (Nepal),Lower Dungeshwar
National Highway 61 (Nepal),Lumbini
National Highway 61 (Nepal),Madhesh
National Highway 61 (Nepal),Mahakali
National Highway 61 (Nepal),Manma
National Highway 61 (Nepal),Nagma
National Highway 61 (Nepal),Pipalkot
National Highway 61 (Nepal),Rapti
National Highway 61 (Nepal),Rara
National Highway 61 (Nepal),Sagarmatha
National Highway 61 (Nepal),Satkhamba
National Highway 61 (Nepal),Seti
National Highway 61 (Nepal),Sitapaila
National Highway 61 (Nepal),Sudurpashchim
National Highway 61 (Nepal),Sunkoshi
National Highway 61 (Nepal),Tamakoshi
National Highway 61 (Nepal),Tamor
National Highway 61 (Nepal),Terai
National Highway 61 (Nepal),Trishuli
National Highway 50 (Nepal),Bagmati Province
National Highway 50 (Nepal),Bharatpur
National Highway 50 (Nepal),Bheri
National Highway 50 (Nepal),Dharke
National Highway 50 (Nepal),Damak
National Highway 50 (Nepal),Gandaki Province
National Highway 50 (Nepal),Jitpur
National Highway 50 (Nepal),Kaligandaki
National Highway 50 (Nepal),Kanti
National Highway 50 (Nepal),Kapilvastu District
National Highway 50 (Nepal),Karnali
National Highway 50 (Nepal),Kathmandu
National Highway 50 (Nepal),Khunuwa
National Highway 50 (Nepal),Koshi
National Highway 50 (Nepal),Lumbini Province
National Highway 50 (Nepal),Madhesh Province
National Highway 50 (Nepal),Mahakali
National Highway 50 (Nepal),Maryadpur
National Highway 50 (Nepal),Mechi
National Highway 50 (Nepal),Nepal
National Highway 50 (Nepal),Rapti
National Highway 50 (Nepal),Rara
National Highway 50 (Nepal),Sagarmatha
National Highway 50 (Nepal),Seti
National Highway 50 (Nepal),Sitapaila
National Highway 50 (Nepal),Sudurpashchim Province
National Highway 50 (Nepal),Sunkoshi
National Highway 50 (Nepal),Taulihawa
National Highway 50 (Nepal),Tamakoshi
National Highway 50 (Nepal),Tamor
National Highway 50 (Nepal),Terai
National Highway 50 (Nepal),Trishuli
National Highway 26 (Nepal),Bharatpur
National Highway 26 (Nepal),Damak
National Highway 26 (Nepal),Dhanusha District
National Highway 26 (Nepal),Jamunibas
National Highway 26 (Nepal),Janakpur
National Highway 26 (Nepal),Kathmandu
National Highway 26 (Nepal),Madhesh Province
National Highway 39 (Nepal),Bagmati
National Highway 39 (Nepal),Balaju
National Highway 39 (Nepal),Balkumari
National Highway 39 (Nepal),Basundhara
National Highway 39 (Nepal),Bharatpur
National Highway 39 (Nepal),Bheri
National Highway 39 (Nepal),Chabahil
National Highway 39 (Nepal),Dharke
National Highway 39 (Nepal),Dhobighat
National Highway 39 (Nepal),Damak
National Highway 39 (Nepal),Ekantkuna
National Highway 39 (Nepal),Gandaki
National Highway 39 (Nepal),Gaushala
National Highway 39 (Nepal),Gongabu
National Highway 39 (Nepal),Gwarko
National Highway 39 (Nepal),Kaligandaki
National Highway 39 (Nepal),Kalanki
National Highway 39 (Nepal),Karnali
National Highway 39 (Nepal),Kathmandu
National Highway 39 (Nepal),Kathmandu District
National Highway 39 (Nepal),Kathmandu Valley
National Highway 39 (Nepal),Koshi
National Highway 39 (Nepal),Koteshwor
National Highway 39 (Nepal),Lalitapur District
National Highway 39 (Nepal),Lalitpur
National Highway 39 (Nepal),Lumbini
National Highway 39 (Nepal),Madhesh
National Highway 39 (Nepal),Mahakali
National Highway 39 (Nepal),Maharajganj
National Highway 39 (Nepal),Mechi
National Highway 39 (Nepal),Narayan Gopal Chowk
National Highway 39 (Nepal),Panchkoshi
National Highway 39 (Nepal),Rapti
National Highway 39 (Nepal),Sagarmatha
National Highway 39 (Nepal),Samakhushi
National Highway 39 (Nepal),Satdobato
National Highway 39 (Nepal),Seti
National Highway 39 (Nepal),Sitapaila
National Highway 39 (Nepal),Sudurpashchim
National Highway 39 (Nepal),Sukedhara
National Highway 39 (Nepal),Sunkoshi
National Highway 39 (Nepal),Swayambhunath
National Highway 39 (Nepal),Tamakoshi
National Highway 39 (Nepal),Tamor
National Highway 39 (Nepal),Terai
National Highway 39 (Nepal),Tinkune
National Highway 39 (Nepal),Tribhuvan International Airport
National Highway 39 (Nepal),Trishuli
National Highway 53 (Nepal),Bhalubang
National Highway 53 (Nepal),Libang
National Highway 53 (Nepal),Darbot
National Highway 53 (Nepal),Dang
National Highway 53 (Nepal),Pyuthan
National Highway 53 (Nepal),Rolpa
National Highway 53 (Nepal),Khalanga
National Highway 53 (Nepal),Bhaluwang
National Highway 53 (Nepal),Chakchake
National Highway 53 (Nepal),Madichour
National Highway 53 (Nepal),Mechi
National Highway 53 (Nepal),Koshi
National Highway 53 (Nepal),Karnali
National Highway 53 (Nepal),Panchkoshi
National Highway 53 (Nepal),Mahakali
National Highway 53 (Nepal),Tamor
National Highway 53 (Nepal),Sunkoshi
National Highway 53 (Nepal),Tamakoshi
National Highway 53 (Nepal),Trishuli
National Highway 53 (Nepal),Kaligandaki
National Highway 53 (Nepal),Bheri
National Highway 53 (Nepal),Seti
National Highway 53 (Nepal),Rapti
National Highway 53 (Nepal),Rara
National Highway 53 (Nepal),Sitapaila
National Highway 53 (Nepal),Dharke
National Highway 53 (Nepal),Kathmandu
National Highway 53 (Nepal),Bharatpur
National Highway 53 (Nepal),Damak
National Highway 67 (Nepal),Baitadi
National Highway 67 (Nepal),Bharatpur
National Highway 67 (Nepal),Bhimdatta
National Highway 67 (Nepal),Brahmadev
National Highway 67 (Nepal),Dadeldhura
National Highway 67 (Nepal),Damak
National Highway 67 (Nepal),Darchula
National Highway 67 (Nepal),Datu
National Highway 67 (Nepal),Gaddachauki
National Highway 67 (Nepal),Jhulaghat
National Highway 67 (Nepal),Jogbudha
National Highway 67 (Nepal),Kanchanpur
National Highway 67 (Nepal),Kathmandu
National Highway 67 (Nepal),Khalanga
National Highway 67 (Nepal),Parshuram
National Highway 67 (Nepal),Tinkar
National Highway 67 (Nepal),Tusarpani
National Highway 40 (Nepal),Samakhushi
National Highway 40 (Nepal),Thanapati
National Highway 40 (Nepal),Kathmandu
National Highway 40 (Nepal),Nuwakot
National Highway 40 (Nepal),Gangate
National Highway 40 (Nepal),Thanagau
National Highway 40 (Nepal),Chhahare
National Highway 40 (Nepal),Kerung bazaar
National Highway 40 (Nepal),Rasuwa
National Highway 40 (Nepal),Tokha
National Highway 40 (Nepal),Sitapaila
National Highway 40 (Nepal),Dharke
National Highway 40 (Nepal),Bharatpur
National Highway 40 (Nepal),Damak
National Highway 78 (Nepal),Damak
National Highway 78 (Nepal),Refugee camp
National Highway 78 (Nepal),Urlabari
National Highway 78 (Nepal),Pashuhat
National Highway 78 (Nepal),Ratuwa Khola
National Highway 78 (Nepal),Jhapa
National Highway 78 (Nepal),View tower
National Highway 78 (Nepal),Betani River
National Highway 78 (Nepal),Damak Border
National Highway 78 (Nepal),Kathmandu
National Highway 78 (Nepal),Bharatpur
National Highway 78 (Nepal),Sitapaila
National Highway 78 (Nepal),Dharke
National Highway 44 (Nepal),Narayanghat
National Highway 44 (Nepal),Mugling
National Highway 44 (Nepal),Kathmandu
National Highway 44 (Nepal),Terai
National Highway 44 (Nepal),Bharatpur
National Highway 44 (Nepal),Damak
National Highway 44 (Nepal),Sitapaila
National Highway 44 (Nepal),Dharke
National Highway 44 (Nepal),Koshi
National Highway 44 (Nepal),Madhesh
National Highway 44 (Nepal),Bagmati
National Highway 44 (Nepal),Lumbini
National Highway 44 (Nepal),Gandaki
National Highway 44 (Nepal),Karnali
National Highway 44 (Nepal),Sudurpashchim
National Highway 44 (Nepal),Mechi
National Highway 44 (Nepal),Trishuli
National Highway 44 (Nepal),Bheri
National Highway 44 (Nepal),Seti
National Highway 44 (Nepal),Mahakali
National Highway 44 (Nepal),Sagarmatha
National Highway 44 (Nepal),Rapti
National Highway 44 (Nepal),Rara
National Highway 44 (Nepal),Sunkoshi
National Highway 44 (Nepal),Tamakoshi
National Highway 44 (Nepal),Kaligandaki
National Highway 44 (Nepal),Tamor
National Highway 58 (Nepal),Jamunaha
National Highway 58 (Nepal),Banke District
National Highway 58 (Nepal),Nepalgunj
National Highway 58 (Nepal),Kohalpur
National Highway 58 (Nepal),Chhinchu
National Highway 58 (Nepal),Birendranagar
National Highway 58 (Nepal),Baddichaur
National Highway 58 (Nepal),Tallo Dungeshwar
National Highway 58 (Nepal),Rakam
National Highway 58 (Nepal),Manma
National Highway 58 (Nepal),Okhartola
National Highway 58 (Nepal),Hilsa
National Highway 58 (Nepal),Humla District
National Highway 58 (Nepal),Simikot
National Highway 58 (Nepal),Jumla
National Highway 58 (Nepal),Surkhet
National Highway 58 (Nepal),Kathmandu
National Highway 58 (Nepal),Bharatpur
National Highway 58 (Nepal),Damak
National Highway 58 (Nepal),Sitapaila
National Highway 58 (Nepal),Dharke
National Highway 03 (Nepal),Amargadhi
National Highway 03 (Nepal),Baglung
National Highway 03 (Nepal),Bagmati
National Highway 03 (Nepal),Basantapur
National Highway 03 (Nepal),Baitadi
National Highway 03 (Nepal),Bharatpur
National Highway 03 (Nepal),Birtamod
National Highway 03 (Nepal),Chiyo Bhanjyang
National Highway 03 (Nepal),Dadeldhura
National Highway 03 (Nepal),Damak
National Highway 03 (Nepal),Daphe
National Highway 03 (Nepal),Dipayal Silgadhi
National Highway 03 (Nepal),Dolalghat-Majhigau
National Highway 03 (Nepal),Gandaki Province
National Highway 03 (Nepal),Hile
National Highway 03 (Nepal),Hilepani
National Highway 03 (Nepal),Jhulaghat
National Highway 03 (Nepal),Kande
National Highway 03 (Nepal),Karnali
National Highway 03 (Nepal),Kaski
National Highway 03 (Nepal),Kathmandu
National Highway 03 (Nepal),Khurkot
National Highway 03 (Nepal),Koshi province
National Highway 03 (Nepal),Lumbini
National Highway 03 (Nepal),Madhesh
National Highway 03 (Nepal),Majhigau
National Highway 03 (Nepal),Panchthar
National Highway 03 (Nepal),Phidim
National Highway 03 (Nepal),Pokhara
National Highway 03 (Nepal),Silagadhi-Syaule Bazar
National Highway 03 (Nepal),Sitapaila-Dharke
National Highway 03 (Nepal),Sudurpashchim Province
National Highway 03 (Nepal),Zero Kilometer
National Highway 21 (Nepal),Bagmati
National Highway 21 (Nepal),Bharatpur
National Highway 21 (Nepal),Bheri
National Highway 21 (Nepal),Bhimdhunga
National Highway 21 (Nepal),Dhading
National Highway 21 (Nepal),Dharke
National Highway 21 (Nepal),Damak
National Highway 21 (Nepal),Gandaki
National Highway 21 (Nepal),Kaligandaki
National Highway 21 (Nepal),Karnali
National Highway 21 (Nepal),Kathmandu
National Highway 21 (Nepal),Koshi
National Highway 21 (Nepal),Lumbini
National Highway 21 (Nepal),Madhesh
National Highway 21 (Nepal),Maheshphant
National Highway 21 (Nepal),Mahakali
National Highway 21 (Nepal),Mechi
National Highway 21 (Nepal),Nagdhunga
National Highway 21 (Nepal),Naubise
National Highway 21 (Nepal),Ramkot
National Highway 21 (Nepal),Rapti
National Highway 21 (Nepal),Rara
National Highway 21 (Nepal),Sagarmatha
National Highway 21 (Nepal),Seti
National Highway 21 (Nepal),Sitapaila
National Highway 21 (Nepal),Sudurpashchim
National Highway 21 (Nepal),Sunkoshi
National Highway 21 (Nepal),Tamakoshi
National Highway 21 (Nepal),Tamor
National Highway 21 (Nepal),Terai
National Highway 21 (Nepal),Trishuli
National Highway 75 (Nepal),Bagmati
National Highway 75 (Nepal),Bharatpur
National Highway 75 (Nepal),Bheri
National Highway 75 (Nepal),Biplate
National Highway 75 (Nepal),Damak
National Highway 75 (Nepal),Dharke
National Highway 75 (Nepal),Diktel
National Highway 75 (Nepal),Gandaki
National Highway 75 (Nepal),Kaligandaki
National Highway 75 (Nepal),Karnali
National Highway 75 (Nepal),Kathmandu
National Highway 75 (Nepal),Khotang
National Highway 75 (Nepal),Koshi
National Highway 75 (Nepal),Lumbini
National Highway 75 (Nepal),Madhesh
National Highway 75 (Nepal),Mahakali
National Highway 75 (Nepal),Mechi
National Highway 75 (Nepal),Okhaldhunga
National Highway 75 (Nepal),Pancham
National Highway 75 (Nepal),Panchkoshi
National Highway 75 (Nepal),Rapti
National Highway 75 (Nepal),Rara
National Highway 75 (Nepal),Sagarmatha
National Highway 75 (Nepal),Salleri
National Highway 75 (Nepal),Seti
National Highway 75 (Nepal),Sitapaila
National Highway 75 (Nepal),Solukhumbu
National Highway 75 (Nepal),Sudurpashchim
National Highway 75 (Nepal),Sunkoshi
National Highway 75 (Nepal),Tamakoshi
National Highway 75 (Nepal),Tamor
National Highway 75 (Nepal),Terai
National Highway 75 (Nepal),Trishuli
National Highway 72 (Nepal),Dumkibas
National Highway 72 (Nepal),Tribeni
National Highway 72 (Nepal),Gandaki
National Highway 72 (Nepal),Nawalparasi East
National Highway 72 (Nepal),Kathmandu
National Highway 72 (Nepal),Bharatpur
National Highway 72 (Nepal),Damak
National Highway 72 (Nepal),Koshi
National Highway 72 (Nepal),Madhesh
National Highway 72 (Nepal),Bagmati
National Highway 72 (Nepal),Lumbini
National Highway 72 (Nepal),Karnali
National Highway 72 (Nepal),Sudurpashchim
National Highway 72 (Nepal),Mechi
National Highway 72 (Nepal),Mahakali
National Highway 72 (Nepal),Tamor
National Highway 72 (Nepal),Sunkoshi
National Highway 72 (Nepal),Tamakoshi
National Highway 72 (Nepal),Trishuli
National Highway 72 (Nepal),Kaligandaki
National Highway 72 (Nepal),Bheri
National Highway 72 (Nepal),Seti
National Highway 72 (Nepal),Sagarmatha
National Highway 72 (Nepal),Rapti
National Highway 72 (Nepal),Sitapaila
National Highway 72 (Nepal),Dharke
National Highway 72 (Nepal),Rara
National Highway 05 (Nepal),Bagmati
National Highway 05 (Nepal),Bharatpur
National Highway 05 (Nepal),Bhadrapur
National Highway 05 (Nepal),Bhairahawa
National Highway 05 (Nepal),Bheri
National Highway 05 (Nepal),Biratnagar
National Highway 05 (Nepal),Birgunj
National Highway 05 (Nepal),Damak
National Highway 05 (Nepal),Dhangadhi
National Highway 05 (Nepal),Dharke
National Highway 05 (Nepal),Dodhara
National Highway 05 (Nepal),Gandaki
National Highway 05 (Nepal),Gaur
National Highway 05 (Nepal),Gulariya
National Highway 05 (Nepal),Janakpur
National Highway 05 (Nepal),Jhapa
National Highway 05 (Nepal),Kaligandaki
National Highway 05 (Nepal),Kanchanpur
National Highway 05 (Nepal),Karnali
National Highway 05 (Nepal),Kathmandu
National Highway 05 (Nepal),Koshi
National Highway 05 (Nepal),Lumbini
National Highway 05 (Nepal),Madhesh
National Highway 05 (Nepal),Mahakali
National Highway 05 (Nepal),Malangwa
National Highway 05 (Nepal),Nepalganj
National Highway 05 (Nepal),Parasi
National Highway 05 (Nepal),Rajbiraj
National Highway 05 (Nepal),Rapti
National Highway 05 (Nepal),Rara
National Highway 05 (Nepal),Sagarmatha
National Highway 05 (Nepal),Seti
National Highway 05 (Nepal),Siddhicharan
National Highway 05 (Nepal),Siraha
National Highway 05 (Nepal),Sitapaila
National Highway 05 (Nepal),Sudurpashchim
National Highway 05 (Nepal),Sunkoshi
National Highway 05 (Nepal),Tamakoshi
National Highway 05 (Nepal),Tamor
National Highway 05 (Nepal),Taulihawa
National Highway 05 (Nepal),Trishuli
National Highway 63 (Nepal),Sanfebagar
National Highway 63 (Nepal),Martadi
National Highway 63 (Nepal),Achham
National Highway 63 (Nepal),Bajura
National Highway 63 (Nepal),Okhartola
National Highway 63 (Nepal),Kolti
National Highway 63 (Nepal),Kathmandu
National Highway 63 (Nepal),Bharatpur
National Highway 63 (Nepal),Damak
National Highway 48 (Nepal),Baglung
National Highway 48 (Nepal),Belahiya
National Highway 48 (Nepal),Beni
National Highway 48 (Nepal),Bharatpur
National Highway 48 (Nepal),Damak
National Highway 48 (Nepal),Dharke
National Highway 48 (Nepal),Gaidakot
National Highway 48 (Nepal),Gulmi
National Highway 48 (Nepal),Jomsom
National Highway 48 (Nepal),Kagbeni
National Highway 48 (Nepal),Kaligandaki
National Highway 48 (Nepal),Kathmandu
National Highway 48 (Nepal),Korala
National Highway 48 (Nepal),Kushma
National Highway 48 (Nepal),Muktinath
National Highway 48 (Nepal),Mustang
National Highway 48 (Nepal),Myagdi
National Highway 48 (Nepal),Nabalpur
National Highway 48 (Nepal),Palpa
National Highway 48 (Nepal),Parbat
National Highway 48 (Nepal),Ridi Bazar
National Highway 48 (Nepal),Satyawati
National Highway 48 (Nepal),Siddharthanagar
National Highway 48 (Nepal),Sitapaila
National Highway 48 (Nepal),Syangja
National Highway 48 (Nepal),Tansen
National Highway 48 (Nepal),Vairabshtan
National Highway 47 (Nepal),Belahiya
National Highway 47 (Nepal),Pokhara
National Highway 47 (Nepal),Siddharthanagar
National Highway 47 (Nepal),Butwal
National Highway 47 (Nepal),Tansen
National Highway 47 (Nepal),Waling
National Highway 47 (Nepal),Putalibazar
National Highway 47 (Nepal),Syangja
National Highway 47 (Nepal),Ramdi
National Highway 47 (Nepal),Galyang
National Highway 47 (Nepal),Kathmandu
National Highway 47 (Nepal),Bharatpur
National Highway 47 (Nepal),Damak
National Highway 38 (Nepal),Kathmandu
National Highway 38 (Nepal),Bhaktapur
National Highway 38 (Nepal),Lalitapur
National Highway 38 (Nepal),Sitapaila
National Highway 38 (Nepal),Dharke
National Highway 38 (Nepal),Bharatpur
National Highway 38 (Nepal),Damak
National Highway 34 (Nepal),Kathmandu
National Highway 34 (Nepal),Palanchowk
National Highway 34 (Nepal),Lamidanda
National Highway 34 (Nepal),Jiri
National Highway 34 (Nepal),Dolalghat
National Highway 34 (Nepal),Kodari
National Highway 34 (Nepal),Banepa
National Highway 34 (Nepal),Dhulikhel
National Highway 34 (Nepal),Lamosangu
National Highway 34 (Nepal),Bahrabise
National Highway 34 (Nepal),Lhasa
National Highway 34 (Nepal),Shanghai
National Highway 34 (Nepal),Panchkhal
National Highway 34 (Nepal),Zhangmu
National Highway 34 (Nepal),Madhyapur
National Highway 34 (Nepal),Thimi
National Highway 34 (Nepal),Kolkata
National Highway 34 (Nepal),Nyalam
National Highway 34 (Nepal),Namche Bazaar
National Highway 34 (Nepal),Lukla
National Highway 34 (Nepal),Bhimnagar
National Highway 34 (Nepal),Supaul
National Highway 34 (Nepal),Khagaria
National Highway 34 (Nepal),Gyirong Port
National Highway 34 (Nepal),Koshi
National Highway 34 (Nepal),Madhesh
National Highway 34 (Nepal),Bagmati
National Highway 34 (Nepal),Lumbini
National Highway 34 (Nepal),Gandaki
National Highway 34 (Nepal),Karnali
National Highway 34 (Nepal),Sudurpashchim
National Highway 34 (Nepal),Bihar
National Highway 34 (Nepal),Darbhanga division
National Highway 34 (Nepal),Kosi division
National Highway 34 (Nepal),Purnia division
National Highway 34 (Nepal),Munger division
National Highway 34 (Nepal),Tingri County
National Highway 34 (Nepal),Sagarmatha Zone
National Highway 25 (Nepal),Dumre
National Highway 25 (Nepal),Besishahar
National Highway 25 (Nepal),Chame
National Highway 25 (Nepal),Tanahu District
National Highway 25 (Nepal),Lamjung District
National Highway 25 (Nepal),Manang District
National Highway 25 (Nepal),Bandipur
National Highway 25 (Nepal),Bhanu
National Highway 25 (Nepal),Sundarbazar
National Highway 25 (Nepal),Ghermu
National Highway 25 (Nepal),Jital
National Highway 25 (Nepal),Tal
National Highway 25 (Nepal),Odar
National Highway 25 (Nepal),Kathmandu
National Highway 25 (Nepal),Bharatpur
National Highway 25 (Nepal),Damak
National Highway 54 (Nepal),Lukum
National Highway 54 (Nepal),Gadhwa
National Highway 54 (Nepal),Lamahi
National Highway 54 (Nepal),Arjunkholagau
National Highway 54 (Nepal),Ghorahi
National Highway 54 (Nepal),Darbot
National Highway 54 (Nepal),Koilabas
National Highway 54 (Nepal),Dang District
National Highway 54 (Nepal),Rolpa District
National Highway 54 (Nepal),East Rukum
National Highway 54 (Nepal),Tulsipur
National Highway 54 (Nepal),Kathmandu
National Highway 54 (Nepal),Bharatpur
National Highway 54 (Nepal),Damak
National Highway 54 (Nepal),Sitapaila
National Highway 54 (Nepal),Dharke
National Highway 51 (Nepal),Taulihawa
National Highway 51 (Nepal),Gorusinge
National Highway 51 (Nepal),Sandhikharka
National Highway 51 (Nepal),Kapilvastu District
National Highway 51 (Nepal),Arghakhanchi District
National Highway 51 (Nepal),Patharkot
National Highway 51 (Nepal),Kathmandu
National Highway 51 (Nepal),Bharatpur
National Highway 51 (Nepal),Damak
National Highway 51 (Nepal),Sitapaila
National Highway 51 (Nepal),Dharke
National Highway 51 (Nepal),Rara
National Highway 10 (Nepal),Basantpur
National Highway 10 (Nepal),Bohoratar
National Highway 10 (Nepal),Chainpur
National Highway 10 (Nepal),Chainpur Bazar
National Highway 10 (Nepal),Deurali
National Highway 10 (Nepal),Khadbari
National Highway 10 (Nepal),Koshi Province
National Highway 10 (Nepal),Mudhe
National Highway 10 (Nepal),Mudhe Sanishchare
National Highway 10 (Nepal),Sankhuwasabha
National Highway 10 (Nepal),Tehrathum
National Highway 13 (Nepal),Banepa
National Highway 13 (Nepal),Bardibas
National Highway 13 (Nepal),Bharatpur
National Highway 13 (Nepal),Damak
National Highway 13 (Nepal),Dhulikhel
National Highway 13 (Nepal),Dumja
National Highway 13 (Nepal),Kathmandu
National Highway 13 (Nepal),Kavre
National Highway 13 (Nepal),Khurkot
National Highway 13 (Nepal),Mangaltar
National Highway 13 (Nepal),Nepalthok
National Highway 13 (Nepal),Selfie Danda
National Highway 13 (Nepal),Sindhuli
National Highway 13 (Nepal),Sindhulibazar
National Highway 20 (Nepal),Bharatpur
National Highway 20 (Nepal),Choharwa
National Highway 20 (Nepal),Damak
National Highway 20 (Nepal),Ghurmi
National Highway 20 (Nepal),Halesi
National Highway 20 (Nepal),Hilepani
National Highway 20 (Nepal),Jyamire
National Highway 20 (Nepal),Kathmandu
National Highway 20 (Nepal),Katari
National Highway 20 (Nepal),Madar
National Highway 20 (Nepal),Mirchaiya
National Highway 20 (Nepal),Mudhe Bisana
National Highway 20 (Nepal),Okhaldhunga
National Highway 20 (Nepal),Salleri
National Highway 20 (Nepal),Siddhicharan Municipality
National Highway 20 (Nepal),Siraha
National Highway 20 (Nepal),Solukhumbu District
National Highway 20 (Nepal),Udayapur
National Highway 62 (Nepal),Achham District
National Highway 62 (Nepal),Bajhang District
National Highway 62 (Nepal),Bajura District
National Highway 62 (Nepal),Bayalpata
National Highway 62 (Nepal),Bharatpur
National Highway 62 (Nepal),Chainpur
National Highway 62 (Nepal),Damak
National Highway 62 (Nepal),Doti District
National Highway 62 (Nepal),Kailali District
National Highway 62 (Nepal),Kathmandu
National Highway 62 (Nepal),Khakraula
National Highway 62 (Nepal),Lamki
National Highway 62 (Nepal),Lodeghat
National Highway 62 (Nepal),Saphebagar
National Highway 62 (Nepal),Tikapur
National Highway 66 (Nepal),Khalanga
National Highway 66 (Nepal),Dhangadhi
National Highway 66 (Nepal),Kailali District
National Highway 66 (Nepal),Doti District
National Highway 66 (Nepal),Dadeldhura District
National Highway 66 (Nepal),Baitadi District
National Highway 66 (Nepal),Darchula District
National Highway 66 (Nepal),Patan Municipality
National Highway 66 (Nepal),Amargadhi
National Highway 66 (Nepal),Mahakali Municipality
National Highway 66 (Nepal),Syaule
National Highway 66 (Nepal),Satbanj
National Highway 66 (Nepal),Chhangru
National Highway 66 (Nepal),Tinkar
National Highway 66 (Nepal),Tusarpani
National Highway 66 (Nepal),Dattu
National Highway 66 (Nepal),Kathmandu
National Highway 66 (Nepal),Bharatpur
National Highway 66 (Nepal),Damak
National Highway 66 (Nepal),Kanchanpur
